q (A^-1),a,err_a,omega,err_omega
7.0,10.018818454253166,0.3165144522935488,0.49993106215067695,0.008472652373773256
14.0,9.883617828794826,0.25083696214355766,0.9958053509177901,0.004559527435593761
21.0,9.986900855395696,0.2194297045282086,1.498191361407072,0.003601329683534272
