q (A^-1),a,err_a,omega,err_omega
7.0,9.810857097983392,0.3162065455149762,0.4972057124173806,0.008596597648150146
14.0,9.875530560942059,0.2507544534782156,0.9973500722784887,0.004561588493002131
21.0,10.062429400396653,0.21939528953561852,1.498827461583909,0.0035868186953456355
