q (A^-1),a,err_a,omega,err_omega
7.0,9.864830576963111,0.31644108454266157,0.5006164482803414,0.008581507890801221
14.0,9.938258263460423,0.25077656781496355,0.9969680538465415,0.004551558161277191
21.0,9.909427035487123,0.21942393282026765,1.4996112527770014,0.0036209508043394943
