q (A^-1),a,err_a,omega,err_omega
7.0,15.064699451120706,0.3910454410977091,0.49621258598290896,0.005665088606113464
14.0,14.967872597589118,0.2670622573071987,0.9994556704984491,0.0028110251617876787
21.0,14.993128399206617,0.22709184093916263,1.4992955117984312,0.002184112281092507
