q (A^-1),a,err_a,omega,err_omega
7.0,15.36976194692068,0.391848054785089,0.498410097230291,0.00556177519282167
14.0,14.99618280387223,0.2671785560869965,0.9987220815759824,0.002797616905908117
21.0,15.153831868838111,0.2271402971759754,1.498028012974539,0.002160436065317785
