q (A^-1),a,err_a,omega,err_omega
7.0,15.204913819616179,0.39094688938615124,0.5010269930568263,0.0056113744482237425
14.0,15.038127626423222,0.26710503375522854,1.0002995982642366,0.002794327843146238
21.0,15.06861551210978,0.22710458959166763,1.4993691059186298,0.0021715055077501898
