T (K),phi,err_phi
ds1,1.0171926498745398,0.027492733671467418
ds2,2.013378165149181,0.015418177519044084
