T (K),phi,err_phi
ds1,1.0314204507493188,0.02750412944838762
ds2,2.006931710723002,0.015490138788274682
