T (K),phi,err_phi
ds1,1.0209711269018171,0.027609148321252778
ds2,2.005078561591779,0.015596441541991028
